USE HPDBSpring;
/*
INSERT INTO `HPDBSpring`.`disease` (`id`, `disease`) VALUES ('1', 'acidez estomacal');
INSERT INTO `HPDBSpring`.`disease` (`id`, `disease`) VALUES ('2', 'ansiedad');
INSERT INTO `HPDBSpring`.`disease` (`id`, `disease`) VALUES ('3', 'asma');
INSERT INTO `HPDBSpring`.`disease` (`id`, `disease`) VALUES ('4', 'arritmias');
INSERT INTO `HPDBSpring`.`disease` (`id`, `disease`) VALUES ('5', 'artritis');
INSERT INTO `HPDBSpring`.`disease` (`id`, `disease`) VALUES ('6', 'ataxia');
INSERT INTO `HPDBSpring`.`disease` (`id`, `disease`) VALUES ('7', 'bulimia');
INSERT INTO `HPDBSpring`.`disease` (`id`, `disease`) VALUES ('8', 'cancer de higado');
INSERT INTO `HPDBSpring`.`disease` (`id`, `disease`) VALUES ('9', 'cancer de piel');
INSERT INTO `HPDBSpring`.`disease` (`id`, `disease`) VALUES ('10', 'cancer de vejiga');
INSERT INTO `HPDBSpring`.`disease` (`id`, `disease`) VALUES ('11', 'celiquia');
INSERT INTO `HPDBSpring`.`disease` (`id`, `disease`) VALUES ('12', 'cancer de colon');
INSERT INTO `HPDBSpring`.`disease` (`id`, `disease`) VALUES ('13', 'cancer de mama');
INSERT INTO `HPDBSpring`.`disease` (`id`, `disease`) VALUES ('14', 'cancer de prostata');
INSERT INTO `HPDBSpring`.`disease` (`id`, `disease`) VALUES ('15', 'cancer de cuello de utero');
INSERT INTO `HPDBSpring`.`disease` (`id`, `disease`) VALUES ('16', 'cancer de ovarios');
INSERT INTO `HPDBSpring`.`disease` (`id`, `disease`) VALUES ('17', 'cancer de pulmon');
INSERT INTO `HPDBSpring`.`disease` (`id`, `disease`) VALUES ('18', 'cancer de estomago');
INSERT INTO `HPDBSpring`.`disease` (`id`, `disease`) VALUES ('19', 'cancer de testiculo');
INSERT INTO `HPDBSpring`.`disease` (`id`, `disease`) VALUES ('20', 'cancer de pancreas');
INSERT INTO `HPDBSpring`.`disease` (`id`, `disease`) VALUES ('21', 'conjunjivitis');
INSERT INTO `HPDBSpring`.`disease` (`id`, `disease`) VALUES ('22', 'coronavirus');
INSERT INTO `HPDBSpring`.`disease` (`id`, `disease`) VALUES ('23', 'cataratas');
INSERT INTO `HPDBSpring`.`disease` (`id`, `disease`) VALUES ('24', 'cirrosis');
INSERT INTO `HPDBSpring`.`disease` (`id`, `disease`) VALUES ('25', 'colera');
INSERT INTO `HPDBSpring`.`disease` (`id`, `disease`) VALUES ('26', 'diabetes t1 id');
INSERT INTO `HPDBSpring`.`disease` (`id`, `disease`) VALUES ('27', 'diabetes t2 nid');
INSERT INTO `HPDBSpring`.`disease` (`id`, `disease`) VALUES ('28', 'diabetes gestacional');
INSERT INTO `HPDBSpring`.`disease` (`id`, `disease`) VALUES ('29', 'difteria');
INSERT INTO `HPDBSpring`.`disease` (`id`, `disease`) VALUES ('30', 'diarrea');
INSERT INTO `HPDBSpring`.`disease` (`id`, `disease`) VALUES ('31', 'dislexia');
INSERT INTO `HPDBSpring`.`disease` (`id`, `disease`) VALUES ('32', 'desprendimiento de retina');
INSERT INTO `HPDBSpring`.`disease` (`id`, `disease`) VALUES ('33', 'ebola');
INSERT INTO `HPDBSpring`.`disease` (`id`, `disease`) VALUES ('34', 'epoc');
INSERT INTO `HPDBSpring`.`disease` (`id`, `disease`) VALUES ('35', 'espondillitis');
INSERT INTO `HPDBSpring`.`disease` (`id`, `disease`) VALUES ('36', 'estreñimiento');
INSERT INTO `HPDBSpring`.`disease` (`id`, `disease`) VALUES ('37', 'essema');
INSERT INTO `HPDBSpring`.`disease` (`id`, `disease`) VALUES ('38', 'esquizofrenia');
INSERT INTO `HPDBSpring`.`disease` (`id`, `disease`) VALUES ('39', 'esclerosis multiple');
INSERT INTO `HPDBSpring`.`disease` (`id`, `disease`) VALUES ('40', 'esterilidad');
INSERT INTO `HPDBSpring`.`disease` (`id`, `disease`) VALUES ('41', 'embolia pulmonar');
INSERT INTO `HPDBSpring`.`disease` (`id`, `disease`) VALUES ('42', 'efisema');
INSERT INTO `HPDBSpring`.`disease` (`id`, `disease`) VALUES ('43', 'epilepsia');
INSERT INTO `HPDBSpring`.`disease` (`id`, `disease`) VALUES ('44', 'fibrosis pulmonar');
INSERT INTO `HPDBSpring`.`disease` (`id`, `disease`) VALUES ('45', 'fiebre tifoidea');
INSERT INTO `HPDBSpring`.`disease` (`id`, `disease`) VALUES ('46', 'fiebre amarilla');
INSERT INTO `HPDBSpring`.`disease` (`id`, `disease`) VALUES ('47', 'glaucoma');
INSERT INTO `HPDBSpring`.`disease` (`id`, `disease`) VALUES ('48', 'gota');
INSERT INTO `HPDBSpring`.`disease` (`id`, `disease`) VALUES ('49', 'amenorrea');
INSERT INTO `HPDBSpring`.`disease` (`id`, `disease`) VALUES ('50', 'dismenorrea');
INSERT INTO `HPDBSpring`.`disease` (`id`, `disease`) VALUES ('51', 'hemorragias ginecologicas');
INSERT INTO `HPDBSpring`.`disease` (`id`, `disease`) VALUES ('52', 'hipercolesterolemia');
INSERT INTO `HPDBSpring`.`disease` (`id`, `disease`) VALUES ('53', 'hipertension arterial');
INSERT INTO `HPDBSpring`.`disease` (`id`, `disease`) VALUES ('54', 'hongos');
INSERT INTO `HPDBSpring`.`disease` (`id`, `disease`) VALUES ('55', 'hepatitis a');
INSERT INTO `HPDBSpring`.`disease` (`id`, `disease`) VALUES ('56', 'hepatitis b');
INSERT INTO `HPDBSpring`.`disease` (`id`, `disease`) VALUES ('57', 'hepatitis c');
INSERT INTO `HPDBSpring`.`disease` (`id`, `disease`) VALUES ('58', 'hipotension');
INSERT INTO `HPDBSpring`.`disease` (`id`, `disease`) VALUES ('59', 'hipermetropia');
INSERT INTO `HPDBSpring`.`disease` (`id`, `disease`) VALUES ('60', 'hipotiroidismo');
INSERT INTO `HPDBSpring`.`disease` (`id`, `disease`) VALUES ('61', 'ipotencia');
INSERT INTO `HPDBSpring`.`disease` (`id`, `disease`) VALUES ('62', 'incontinencia urinaria');
INSERT INTO `HPDBSpring`.`disease` (`id`, `disease`) VALUES ('63', 'infarto de miocardio');
INSERT INTO `HPDBSpring`.`disease` (`id`, `disease`) VALUES ('64', 'infeccion urinaria');
INSERT INTO `HPDBSpring`.`disease` (`id`, `disease`) VALUES ('65', 'insomnio');
INSERT INTO `HPDBSpring`.`disease` (`id`, `disease`) VALUES ('66', 'ictus');
INSERT INTO `HPDBSpring`.`disease` (`id`, `disease`) VALUES ('67', 'lucemia');
INSERT INTO `HPDBSpring`.`disease` (`id`, `disease`) VALUES ('68', 'linfoma');
INSERT INTO `HPDBSpring`.`disease` (`id`, `disease`) VALUES ('69', 'lupus');
INSERT INTO `HPDBSpring`.`disease` (`id`, `disease`) VALUES ('70', 'melanoma');
INSERT INTO `HPDBSpring`.`disease` (`id`, `disease`) VALUES ('71', 'melanoma metastásico');
INSERT INTO `HPDBSpring`.`disease` (`id`, `disease`) VALUES ('72', 'migraña');
INSERT INTO `HPDBSpring`.`disease` (`id`, `disease`) VALUES ('73', 'miocardiopatia');
INSERT INTO `HPDBSpring`.`disease` (`id`, `disease`) VALUES ('74', 'neumonia');
INSERT INTO `HPDBSpring`.`disease` (`id`, `disease`) VALUES ('75', 'obesidad');
INSERT INTO `HPDBSpring`.`disease` (`id`, `disease`) VALUES ('76', 'osteoporosis');
INSERT INTO `HPDBSpring`.`disease` (`id`, `disease`) VALUES ('77', 'neumotorax');
INSERT INTO `HPDBSpring`.`disease` (`id`, `disease`) VALUES ('78', 'narcolepsia');
INSERT INTO `HPDBSpring`.`disease` (`id`, `disease`) VALUES ('79', 'pies planos');
INSERT INTO `HPDBSpring`.`disease` (`id`, `disease`) VALUES ('80', 'parkinson');
INSERT INTO `HPDBSpring`.`disease` (`id`, `disease`) VALUES ('81', 'pies cavos');
INSERT INTO `HPDBSpring`.`disease` (`id`, `disease`) VALUES ('82', 'retinopatia diabetica');
INSERT INTO `HPDBSpring`.`disease` (`id`, `disease`) VALUES ('83', 'sarampion');
INSERT INTO `HPDBSpring`.`disease` (`id`, `disease`) VALUES ('84', 'sida');
INSERT INTO `HPDBSpring`.`disease` (`id`, `disease`) VALUES ('85', 'sindrome de down');
INSERT INTO `HPDBSpring`.`disease` (`id`, `disease`) VALUES ('86', 'sindrome de estres postraumatico');
INSERT INTO `HPDBSpring`.`disease` (`id`, `disease`) VALUES ('87', 'sindrome de wolfram');
INSERT INTO `HPDBSpring`.`disease` (`id`, `disease`) VALUES ('88', 'torticolis');
INSERT INTO `HPDBSpring`.`disease` (`id`, `disease`) VALUES ('89', 'transtorno de conducta del sueño');
INSERT INTO `HPDBSpring`.`disease` (`id`, `disease`) VALUES ('90', 'transtorno del ritmo cardiaco');
INSERT INTO `HPDBSpring`.`disease` (`id`, `disease`) VALUES ('91', 'transtorno de menstruacion');
INSERT INTO `HPDBSpring`.`disease` (`id`, `disease`) VALUES ('92', 'tuberculosis');
INSERT INTO `HPDBSpring`.`disease` (`id`, `disease`) VALUES ('93', 'transtorno obsesivo compulsivo');
INSERT INTO `HPDBSpring`.`disease` (`id`, `disease`) VALUES ('94', 'tumores cerebrales');
INSERT INTO `HPDBSpring`.`disease` (`id`, `disease`) VALUES ('95', 'urticaria');
INSERT INTO `HPDBSpring`.`disease` (`id`, `disease`) VALUES ('96', 'varicela');
INSERT INTO `HPDBSpring`.`disease` (`id`, `disease`) VALUES ('97', 'vigorexia');
INSERT INTO `HPDBSpring`.`disease` (`id`, `disease`) VALUES ('98', 'vegetaciones');
INSERT INTO `HPDBSpring`.`disease` (`id`, `disease`) VALUES ('99', 'artrosis');
INSERT INTO `HPDBSpring`.`disease` (`id`, `disease`) VALUES ('100', 'fibromialgia');

INSERT INTO `HPDBSpring`.`medicine` (`id`, `medicine`) VALUES ('1', 'halothano');
INSERT INTO `HPDBSpring`.`medicine` (`id`, `medicine`) VALUES ('2', 'ketamina');
INSERT INTO `HPDBSpring`.`medicine` (`id`, `medicine`) VALUES ('3', 'oxido nitroso');
INSERT INTO `HPDBSpring`.`medicine` (`id`, `medicine`) VALUES ('4', 'tiopental');
INSERT INTO `HPDBSpring`.`medicine` (`id`, `medicine`) VALUES ('5', 'bupivacaina');
INSERT INTO `HPDBSpring`.`medicine` (`id`, `medicine`) VALUES ('6', 'lidocaina');
INSERT INTO `HPDBSpring`.`medicine` (`id`, `medicine`) VALUES ('7', 'epinefrina');
INSERT INTO `HPDBSpring`.`medicine` (`id`, `medicine`) VALUES ('8', 'efedrina');
INSERT INTO `HPDBSpring`.`medicine` (`id`, `medicine`) VALUES ('9', 'atropina');
INSERT INTO `HPDBSpring`.`medicine` (`id`, `medicine`) VALUES ('10', 'diazepam');
INSERT INTO `HPDBSpring`.`medicine` (`id`, `medicine`) VALUES ('11', 'morfina');
INSERT INTO `HPDBSpring`.`medicine` (`id`, `medicine`) VALUES ('12', 'prometazina');
INSERT INTO `HPDBSpring`.`medicine` (`id`, `medicine`) VALUES ('13', 'acido acetilsalicilico');
INSERT INTO `HPDBSpring`.`medicine` (`id`, `medicine`) VALUES ('14', 'iboprufeno');
INSERT INTO `HPDBSpring`.`medicine` (`id`, `medicine`) VALUES ('15', 'paracetamol');
INSERT INTO `HPDBSpring`.`medicine` (`id`, `medicine`) VALUES ('16', ' codeina');
INSERT INTO `HPDBSpring`.`medicine` (`id`, `medicine`) VALUES ('17', 'alopurino');
INSERT INTO `HPDBSpring`.`medicine` (`id`, `medicine`) VALUES ('18', 'cloroquina');
INSERT INTO `HPDBSpring`.`medicine` (`id`, `medicine`) VALUES ('19', 'azatriopina');
INSERT INTO `HPDBSpring`.`medicine` (`id`, `medicine`) VALUES ('20', 'metotrexato');
INSERT INTO `HPDBSpring`.`medicine` (`id`, `medicine`) VALUES ('21', 'penicilamina');
INSERT INTO `HPDBSpring`.`medicine` (`id`, `medicine`) VALUES ('22', 'sulfasalazina');
INSERT INTO `HPDBSpring`.`medicine` (`id`, `medicine`) VALUES ('23', 'clorfenamina');
INSERT INTO `HPDBSpring`.`medicine` (`id`, `medicine`) VALUES ('24', 'dexametasona');
INSERT INTO `HPDBSpring`.`medicine` (`id`, `medicine`) VALUES ('25', 'hidrocortisona');
INSERT INTO `HPDBSpring`.`medicine` (`id`, `medicine`) VALUES ('26', 'prednisolona');
INSERT INTO `HPDBSpring`.`medicine` (`id`, `medicine`) VALUES ('27', 'cloruro de metiltionino');
INSERT INTO `HPDBSpring`.`medicine` (`id`, `medicine`) VALUES ('28', 'deferoxamina');
INSERT INTO `HPDBSpring`.`medicine` (`id`, `medicine`) VALUES ('29', 'dl-metionina');
INSERT INTO `HPDBSpring`.`medicine` (`id`, `medicine`) VALUES ('30', 'edetato de calcio');
INSERT INTO `HPDBSpring`.`medicine` (`id`, `medicine`) VALUES ('31', 'edetato de sodio');
INSERT INTO `HPDBSpring`.`medicine` (`id`, `medicine`) VALUES ('32', 'gluconato de calcio');
INSERT INTO `HPDBSpring`.`medicine` (`id`, `medicine`) VALUES ('33', 'naloxona');
INSERT INTO `HPDBSpring`.`medicine` (`id`, `medicine`) VALUES ('34', 'nitrito de sodio');
INSERT INTO `HPDBSpring`.`medicine` (`id`, `medicine`) VALUES ('35', 'tiosulfato de sodio');
INSERT INTO `HPDBSpring`.`medicine` (`id`, `medicine`) VALUES ('36', 'acido valproico');
INSERT INTO `HPDBSpring`.`medicine` (`id`, `medicine`) VALUES ('37', 'carbamazepina');
INSERT INTO `HPDBSpring`.`medicine` (`id`, `medicine`) VALUES ('39', 'fenitiona');
INSERT INTO `HPDBSpring`.`medicine` (`id`, `medicine`) VALUES ('40', 'fenobarbital');
INSERT INTO `HPDBSpring`.`medicine` (`id`, `medicine`) VALUES ('41', 'sulfato de magnesio');
INSERT INTO `HPDBSpring`.`medicine` (`id`, `medicine`) VALUES ('42', 'etosuximida');
INSERT INTO `HPDBSpring`.`medicine` (`id`, `medicine`) VALUES ('43', 'albendazol');
INSERT INTO `HPDBSpring`.`medicine` (`id`, `medicine`) VALUES ('44', 'levamisol');
INSERT INTO `HPDBSpring`.`medicine` (`id`, `medicine`) VALUES ('45', 'mebandazol');
INSERT INTO `HPDBSpring`.`medicine` (`id`, `medicine`) VALUES ('46', 'niclosamida');
INSERT INTO `HPDBSpring`.`medicine` (`id`, `medicine`) VALUES ('47', 'pirantel');
INSERT INTO `HPDBSpring`.`medicine` (`id`, `medicine`) VALUES ('48', 'prazicuantel');
INSERT INTO `HPDBSpring`.`medicine` (`id`, `medicine`) VALUES ('49', 'ivermectina');
INSERT INTO `HPDBSpring`.`medicine` (`id`, `medicine`) VALUES ('50', 'dietilcarbamazina');
INSERT INTO `HPDBSpring`.`medicine` (`id`, `medicine`) VALUES ('51', 'suramida sodica');
INSERT INTO `HPDBSpring`.`medicine` (`id`, `medicine`) VALUES ('52', 'triclabendazol');
INSERT INTO `HPDBSpring`.`medicine` (`id`, `medicine`) VALUES ('53', 'oxamniquina');
INSERT INTO `HPDBSpring`.`medicine` (`id`, `medicine`) VALUES ('54', 'amoxilina');
INSERT INTO `HPDBSpring`.`medicine` (`id`, `medicine`) VALUES ('55', 'acido clavulanico');
INSERT INTO `HPDBSpring`.`medicine` (`id`, `medicine`) VALUES ('56', 'ampicilina');
INSERT INTO `HPDBSpring`.`medicine` (`id`, `medicine`) VALUES ('57', 'bencilpenicilina');
INSERT INTO `HPDBSpring`.`medicine` (`id`, `medicine`) VALUES ('58', 'bencilpenicilina benzatina');
INSERT INTO `HPDBSpring`.`medicine` (`id`, `medicine`) VALUES ('59', 'bencilpenicilina procaina');
INSERT INTO `HPDBSpring`.`medicine` (`id`, `medicine`) VALUES ('60', 'cefazolina');
INSERT INTO `HPDBSpring`.`medicine` (`id`, `medicine`) VALUES ('61', 'cefixima');
INSERT INTO `HPDBSpring`.`medicine` (`id`, `medicine`) VALUES ('62', 'cloxacilina');
INSERT INTO `HPDBSpring`.`medicine` (`id`, `medicine`) VALUES ('63', 'fenoximetilpenicilina');
INSERT INTO `HPDBSpring`.`medicine` (`id`, `medicine`) VALUES ('64', 'azitomicina');
INSERT INTO `HPDBSpring`.`medicine` (`id`, `medicine`) VALUES ('65', 'ciprofloxanico');
INSERT INTO `HPDBSpring`.`medicine` (`id`, `medicine`) VALUES ('66', 'doxilina');
INSERT INTO `HPDBSpring`.`medicine` (`id`, `medicine`) VALUES ('67', 'eritromicina');
INSERT INTO `HPDBSpring`.`medicine` (`id`, `medicine`) VALUES ('68', 'espectomicina');
INSERT INTO `HPDBSpring`.`medicine` (`id`, `medicine`) VALUES ('69', 'gentamicina');
INSERT INTO `HPDBSpring`.`medicine` (`id`, `medicine`) VALUES ('70', 'metronidazol');
INSERT INTO `HPDBSpring`.`medicine` (`id`, `medicine`) VALUES ('71', 'dapsona');
INSERT INTO `HPDBSpring`.`medicine` (`id`, `medicine`) VALUES ('72', 'rifampicina');
INSERT INTO `HPDBSpring`.`medicine` (`id`, `medicine`) VALUES ('73', 'clorotimazol');
INSERT INTO `HPDBSpring`.`medicine` (`id`, `medicine`) VALUES ('74', 'flucozanol');
INSERT INTO `HPDBSpring`.`medicine` (`id`, `medicine`) VALUES ('75', 'nistatina');
INSERT INTO `HPDBSpring`.`medicine` (`id`, `medicine`) VALUES ('76', 'aciclovir');
INSERT INTO `HPDBSpring`.`medicine` (`id`, `medicine`) VALUES ('77', 'abacavir');

INSERT INTO `HPDBSpring`.`bracelet` (`id`, `code`) VALUES ('1', '1');
INSERT INTO `HPDBSpring`.`bracelet` (`id`, `code`) VALUES ('2', '2');
INSERT INTO `HPDBSpring`.`bracelet` (`id`, `code`) VALUES ('3', '3');
INSERT INTO `HPDBSpring`.`bracelet` (`id`, `code`) VALUES ('4', '4');
INSERT INTO `HPDBSpring`.`bracelet` (`id`, `code`) VALUES ('5', '5');
INSERT INTO `HPDBSpring`.`bracelet` (`id`, `code`) VALUES ('6', '6');
INSERT INTO `HPDBSpring`.`bracelet` (`id`, `code`) VALUES ('7', '7');
INSERT INTO `HPDBSpring`.`bracelet` (`id`, `code`) VALUES ('8', '8');
INSERT INTO `HPDBSpring`.`bracelet` (`id`, `code`) VALUES ('9', '9');
INSERT INTO `HPDBSpring`.`bracelet` (`id`, `code`) VALUES ('10', '10');

INSERT INTO `HPDBSpring`.`rating` (`id`, `rating`) VALUES ('1', 1);
INSERT INTO `HPDBSpring`.`rating` (`id`, `rating`) VALUES ('2', 2);
INSERT INTO `HPDBSpring`.`rating` (`id`, `rating`) VALUES ('3', 3);
INSERT INTO `HPDBSpring`.`rating` (`id`, `rating`) VALUES ('4', 4);
INSERT INTO `HPDBSpring`.`rating` (`id`, `rating`) VALUES ('5', 5);

INSERT INTO `HPDBSpring`.`relationship_type` (`id`, `relationship_type`) VALUES ('1', 'user-user');
INSERT INTO `HPDBSpring`.`relationship_type` (`id`, `relationship_type`) VALUES ('2', 'user-doctor');
INSERT INTO `HPDBSpring`.`relationship_type` (`id`, `relationship_type`) VALUES ('3', 'doctor-user');
INSERT INTO `HPDBSpring`.`relationship_type` (`id`, `relationship_type`) VALUES ('4', 'doctor-doctor');
INSERT INTO `HPDBSpring`.`relationship_type` (`id`, `relationship_type`) VALUES ('5', 'user-headDoctor');

INSERT INTO `HPDBSpring`.`faq_category` (`id`, `faq_category`) VALUES ('1','Web');
INSERT INTO `HPDBSpring`.`faq_category` (`id`, `faq_category`) VALUES ('2','Mobile');
INSERT INTO `HPDBSpring`.`faq_category` (`id`, `faq_category`) VALUES ('3','Account');
INSERT INTO `HPDBSpring`.`faq_category` (`id`, `faq_category`) VALUES ('4','Social');
INSERT INTO `HPDBSpring`.`faq_category` (`id`, `faq_category`) VALUES ('5','Security');
INSERT INTO `HPDBSpring`.`faq_category` (`id`, `faq_category`) VALUES ('6','Profile');
INSERT INTO `HPDBSpring`.`faq_category` (`id`, `faq_category`) VALUES ('7','HPCloud');

INSERT INTO `HPDBSpring`.`faq` (`id`, `faq`, `faq_category_id`, `answer`) VALUES ('1', '¿Puedo entrar a la red médica desde cualquier explorador web?', 1,'Asi es, la HPDBSpring HeartPrevent es compatible con todos los exploradores');
INSERT INTO `HPDBSpring`.`faq` (`id`, `faq`, `faq_category_id`, `answer`) VALUES ('2', '¿Hay diferencia entre entrar a la red médica desde diferentes exploradores?', 1,'No, todas las funcionalidades pueden ser usadas en cualquier explorador');
INSERT INTO `HPDBSpring`.`faq` (`id`, `faq`, `faq_category_id`, `answer`) VALUES ('3', '¿Cómo puedo informar de un mal funcionamiento de la red medica?', 1,'Inicia Sesion y Accede al menu de opciones desplegable y selecciona la opcion ayuda');
INSERT INTO `HPDBSpring`.`faq` (`id`, `faq`, `faq_category_id`, `answer`) VALUES ('4', '¿Cómo puedo hacer sugerencias para mejorar o cambiar un aspecto de la red medica HeartPrevent?', 1, 'Inicia Sesion y Accede al menu de opciones desplegable y selecciona la opcion ayuda');
INSERT INTO `HPDBSpring`.`faq` (`id`, `faq`, `faq_category_id`, `answer`) VALUES ('5', '¿Qué sucede en la red medica cuando informo un problema o doy una sugerencia?', 1,'Nuestro equipo profesional procesará su peticion o sugerencia e implementara las medidas correspondentes');
INSERT INTO `HPDBSpring`.`faq` (`id`, `faq`, `faq_category_id`) VALUES ('6', '¿Cómo puedo tomar una captura de pantalla desde mi dispositivo móvil para hacer ya sea una denuncia, reportar un problema o hacer una sugerencia?', 1);
INSERT INTO `HPDBSpring`.`faq` (`id`, `faq`, `faq_category_id`, `answer`) VALUES ('7', '¿Cómo puedo tomar una captura de pantalla en Android?', 2, 'El procedimiento para realizar capturas de pantalla es distinto en cada dispositivo Android. Así, puedes tomar una captura de pantalla manteniendo blood_pressureados a la vez los botones de volumen y de encendido del teléfono, o bien manteniendo blood_pressureados a la vez los botones de volumen y de inicio. Las capturas de pantalla se guardarán junto con tus fotos.');
INSERT INTO `HPDBSpring`.`faq` (`id`, `faq`, `faq_category_id`, `answer`) VALUES ('8', '¿Cómo puedo tomar una captura de pantalla en un dispositivo Apple?', 2,'Para realizar una captura de pantalla en un iPhone o iPad, blood_pressurea el botón de inicio y el botón de encendido al mismo tiempo. Las capturas de pantalla se guardarán junto con tus fotos.');
INSERT INTO `HPDBSpring`.`faq` (`id`, `faq`, `faq_category_id`, `answer`) VALUES ('9', '¿Puedo contactar al personal para que me resuelva alguna duda?', 1,'Así es, tenemos tres maneras de hacerlo ya sea por correo electronico (heartpreventwakeup@outlook.com), Telefono (5551588596) ,y por medio del servicio de chat de soporte');
INSERT INTO `HPDBSpring`.`faq` (`id`, `faq`, `faq_category_id`, `answer`) VALUES ('10', '¿Tiene costo usar la red medica HeartPrevent?', 3,'Registrarte no cuesta nada pero si quieres tener mayor acceso a los servicios que ofrecemos puedes comprar nuestra bracelet HP');
INSERT INTO `HPDBSpring`.`faq` (`id`, `faq`, `faq_category_id`, `answer`) VALUES ('11', '¿Debo tener una edad mínima para ocupar HeartPrevent?', 3, '18+');
INSERT INTO `HPDBSpring`.`faq` (`id`, `faq`, `faq_category_id`, `answer`) VALUES ('12', '¿Por qué recibo una notificación de solicitud de amistad de un usuario?', 3, 'El usuario le envio una solicitud de amistad');
INSERT INTO `HPDBSpring`.`faq` (`id`, `faq`, `faq_category_id`, `answer`) VALUES ('13', '¿Puedo crear varias cuentas HeartPrevent?', 3, 'No, en acuerdo a nuestros terminos y condiciones');
INSERT INTO `HPDBSpring`.`faq` (`id`, `faq`, `faq_category_id`, `answer`) VALUES ('14', '¿Puedo compartir mi cuenta HeartPrevent con otra persona?', 3, 'No, para hacer uso de los servicios de Heartrevent es necesario que cada usuario tenga su propia cuenta');
INSERT INTO `HPDBSpring`.`faq` (`id`, `faq`, `faq_category_id`, `answer`) VALUES ('15', '¿Cómo puedo añadir a mis amigos?', 4, 'En la barra de busqueda ubicada en la parte sperior puede buscar a otros usuarios por nombre, una vez efectuada la busqueda aparecera un listado de usuarios, del lado derecho de cada nombre del usuario estara la opcion de "Añadir amigo"');
INSERT INTO `HPDBSpring`.`faq` (`id`, `faq`, `faq_category_id`, `answer`) VALUES ('16', '¿A quién puedo enviar mensajes?', 4, 'A todos los usuarios que aparezcan en su lista de contactos, para visualizar su lista de contactos dirijase a: menu (esquina superior izquierda) > contactos');
INSERT INTO `HPDBSpring`.`faq` (`id`, `faq`, `faq_category_id`, `answer`) VALUES ('17', '¿Cómo puedo asegurarme de que el usuario que me dice que es doctor realmente es quien dice ser?', 5, 'Al ir a su perfil puede verificar que esa persona es un doctor certificado y con cedula valida al ver el icono de un medico en su cuadro de informacion, esto debido a que nosotros nos encargamos de validar la informacion de cada usuario faq doctor');
INSERT INTO `HPDBSpring`.`faq` (`id`, `faq`, `faq_category_id`, `answer`) VALUES ('18', '¿Puedo hacer denuncias?', 5, 'Si, puede denunciar via telefonica cualquier inconformidad que usted tenga marcando al numero xxx-xxx-xxx');
INSERT INTO `HPDBSpring`.`faq` (`id`, `faq`, `faq_category_id`) VALUES ('19', '¿Qué faq de denuncias puedo hacer y a quién?', 5);
INSERT INTO `HPDBSpring`.`faq` (`id`, `faq`, `faq_category_id`) VALUES ('20', '¿Qué es mi perfil?', 6);
INSERT INTO `HPDBSpring`.`faq` (`id`, `faq`, `faq_category_id`, `answer`) VALUES ('21', '¿Cómo agrego o cambio mi foto de perfil?', 6, 'Dirijase a: Menu (esquina superior izquierda) > Configuraciones > Perfil');
INSERT INTO `HPDBSpring`.`faq` (`id`, `faq`, `faq_category_id`, `answer`) VALUES ('22', '¿Quién puede ver mi foto de perfil?', 6, 'Cualquier usuario de Heartrevent');
INSERT INTO `HPDBSpring`.`faq` (`id`, `faq`, `faq_category_id`, `answer`) VALUES ('23', '¿Quién puede ver la información de mi perfil?', 6, 'Solo los contactos que tu hayas establecido como de "confianza", para establecer un usuario de confianza ve a: Menu (esquina superior izquierda) > Contactos y da click en el corazon a la derecha del nombre del usuario (este se pondra rojo)');
INSERT INTO `HPDBSpring`.`faq` (`id`, `faq`, `faq_category_id`, `answer`) VALUES ('24', '¿Quién puede ver mis publicaciones hechas?', 6, 'Cualquier usuario de HeartPrevent');
INSERT INTO `HPDBSpring`.`faq` (`id`, `faq`, `faq_category_id`, `answer`) VALUES ('25', '¿Cómo edito la información de mi perfil?', 6, 'Dirijase a: Menu (esquina superior izquierda) > Configuraciones > Cuenta');
INSERT INTO `HPDBSpring`.`faq` (`id`, `faq`, `faq_category_id`) VALUES ('26', '¿Puedo cambiar el correo electrónico de mi cuenta a uno más nuevo?', 3);
INSERT INTO `HPDBSpring`.`faq` (`id`, `faq`, `faq_category_id`) VALUES ('27', '¿Puedo desactivar mi cuenta?', 3);
INSERT INTO `HPDBSpring`.`faq` (`id`, `faq`, `faq_category_id`, `answer`) VALUES ('28', '¿Es necesario contar con cuenta Premium para ingresar a HPCloud?', 7,'Así es, solo los doctores premium');
INSERT INTO `HPDBSpring`.`faq` (`id`, `faq`, `faq_category_id`, `answer`) VALUES ('29', '¿Es necesario instalar algún otro programa para el uso del software?', 7,'No, no es necesario la instalación de algún programa adicional al proporcionado en la web WakeUpInc.');
INSERT INTO `HPDBSpring`.`faq` (`id`, `faq`, `faq_category_id`, `answer`) VALUES ('30', '¿Es compatible con mi computadora y mi Sistema Operativo?', 7,'HeartPreventCloud está diseñado para operar en Windows y es compatible apartir de Windows XP hasta Windows 10.');
INSERT INTO `HPDBSpring`.`faq` (`id`, `faq`, `faq_category_id`, `answer`) VALUES ('32', '¿Cómo puedo subir un archivo?', 7,'Arrastrando el archivo .PDF, .Word. o archivos de imagen a la tabla que se encuentra en el menú el programa.');
INSERT INTO `HPDBSpring`.`faq` (`id`, `faq`, `faq_category_id`, `answer`) VALUES ('33', '¿Es seguro subir mis archivos?', 7,'Sí, estos archivos son encriptados y desencriptados cada vez que son subidos o hay conexión a Integerernet.');
INSERT INTO `HPDBSpring`.`faq` (`id`, `faq`, `faq_category_id`, `answer`) VALUES ('34', '¿Cómo cambio de carpeta de sincronización?', 7,'Haga clic en Ajustes de Sincronización y elija la nueva carpeta o cree una, para poder seleccionar donde se almacenarán sus archivos en su dispositivo.');
INSERT INTO `HPDBSpring`.`faq` (`id`, `faq`, `faq_category_id`, `answer`) VALUES ('35', '¿Puedo actualizar mi foto de perfil? ', 7,'Sí, únicamente arrastre la imagen, .jpeg .jpg o .png a donde se encuentra su foto actual y esta cambiara automáticamente.');
INSERT INTO `HPDBSpring`.`faq` (`id`, `faq`, `faq_category_id`, `answer`) VALUES ('36', '¿Cómo abro la carpeta donde se encuentran mis archivos? ', 7,'De clic en Abrir Carpeta y se mostrara en el Explorador de Archivos de Windows la carpeta en donde actualmente son guardados los archivos.');
INSERT INTO `HPDBSpring`.`faq` (`id`, `faq`, `faq_category_id`, `answer`) VALUES ('37', '¿Cada cuando son generados mis reportes médicos?', 7,'Sus reportes clínicos son actualizados día a día por lo que cuando revise su historial clínico siempre será su reporte actual, sin embargo estos son guardados por mes. Es decir, que al final del año tendrá 12 reportes que podrá visualizar sin problema alguno.');

INSERT INTO `HPDBSpring`.`blood_pressure` (`id`, `pressure`) VALUES ('1', '50');
INSERT INTO `HPDBSpring`.`blood_pressure` (`id`, `pressure`) VALUES ('2', '60');
INSERT INTO `HPDBSpring`.`blood_pressure` (`id`, `pressure`) VALUES ('3', '70');
INSERT INTO `HPDBSpring`.`blood_pressure` (`id`, `pressure`) VALUES ('4', '80');
INSERT INTO `HPDBSpring`.`blood_pressure` (`id`, `pressure`) VALUES ('5', '90');
INSERT INTO `HPDBSpring`.`blood_pressure` (`id`, `pressure`) VALUES ('6', '100');
*/

/*
INSERT INTO `HPDBSpring`.`account_state` (`id`, `account_state`) VALUES ('1', 'Confirmation email not sent');
INSERT INTO `HPDBSpring`.`account_state` (`id`, `account_state`) VALUES ('2', 'Confirmed');
INSERT INTO `HPDBSpring`.`account_state` (`id`, `account_state`) VALUES ('3', 'Deactivated(email confirmation not received on time).');
INSERT INTO `HPDBSpring`.`account_state` (`id`, `account_state`) VALUES ('4', 'Waiting for email confirmation.');

INSERT INTO `HPDBSpring`.`category` (`id`, `category`) VALUES ('1', 'regular');
INSERT INTO `HPDBSpring`.`category` (`id`, `category`) VALUES ('2', 'premium');

INSERT INTO  `HPDBSpring`.`role` (`id`, `role`) VALUES(1, 'USER');
INSERT INTO  `HPDBSpring`.`role` (`id`, `role`) VALUES(2, 'DOCTOR');
INSERT INTO  `HPDBSpring`.`role` (`id`, `role`) VALUES(3, 'ADMIN');
*/