INSERT INTO `HPDBSpring`.`gui_text` (id, gui_text, gui_text_type_id, role_id) VALUES (1, 'username', 1, 1);
INSERT INTO `HPDBSpring`.`gui_text` (id, gui_text, gui_text_type_id, role_id) VALUES (2, 'email', 1, 1);
INSERT INTO `HPDBSpring`.`gui_text` (id, gui_text, gui_text_type_id, role_id) VALUES (3, 'name', 1, 1);
INSERT INTO `HPDBSpring`.`gui_text` (id, gui_text, gui_text_type_id, role_id) VALUES (4, 'last_name', 1, 1);
INSERT INTO `HPDBSpring`.`gui_text` (id, gui_text, gui_text_type_id, role_id) VALUES (5, 'password', 1, 1);
INSERT INTO `HPDBSpring`.`gui_text` (id, gui_text, gui_text_type_id, role_id) VALUES (6, 'birth_date', 1, 1);
INSERT INTO `HPDBSpring`.`gui_text` (id, gui_text, gui_text_type_id, role_id) VALUES (7, 'access_token', 1, 1);
INSERT INTO `HPDBSpring`.`gui_text` (id, gui_text, gui_text_type_id, role_id) VALUES (8, 'sex', 1, 1);
INSERT INTO `HPDBSpring`.`gui_text` (id, gui_text, gui_text_type_id, role_id) VALUES (9, 'country', 1, 1);
INSERT INTO `HPDBSpring`.`gui_text` (id, gui_text, gui_text_type_id, role_id) VALUES (10, 'language', 1, 1);
INSERT INTO `HPDBSpring`.`gui_text` (id, gui_text, gui_text_type_id, role_id) VALUES (11, 'signup', 1, 1);

# -----------------------------------------esMX------------------------------------------------
INSERT INTO `HPDBSpring`.`gui_text_in_language` (gui_text_translated_id, gui_text_id, language_id)
VALUES (1, 1, 1);
INSERT INTO `HPDBSpring`.`gui_text_in_language` (gui_text_translated_id, gui_text_id, language_id)
VALUES (2, 2, 1);
INSERT INTO `HPDBSpring`.`gui_text_in_language` (gui_text_translated_id, gui_text_id, language_id)
VALUES (3, 3, 1);
INSERT INTO `HPDBSpring`.`gui_text_in_language` (gui_text_translated_id, gui_text_id, language_id)
VALUES (4, 4, 1);
INSERT INTO `HPDBSpring`.`gui_text_in_language` (gui_text_translated_id, gui_text_id, language_id)
VALUES (5, 5, 1);
INSERT INTO `HPDBSpring`.`gui_text_in_language` (gui_text_translated_id, gui_text_id, language_id)
VALUES (6, 6, 1);
INSERT INTO `HPDBSpring`.`gui_text_in_language` (gui_text_translated_id, gui_text_id, language_id)
VALUES (7, 7, 1);
INSERT INTO `HPDBSpring`.`gui_text_in_language` (gui_text_translated_id, gui_text_id, language_id)
VALUES (8, 8, 1);
INSERT INTO `HPDBSpring`.`gui_text_in_language` (gui_text_translated_id, gui_text_id, language_id)
VALUES (9, 9, 1);
INSERT INTO `HPDBSpring`.`gui_text_in_language` (gui_text_translated_id, gui_text_id, language_id)
VALUES (10, 10, 1);
INSERT INTO `HPDBSpring`.`gui_text_in_language` (gui_text_translated_id, gui_text_id, language_id)
VALUES (21, 11, 1);
# -----------------------------------------enUS------------------------------------------------
INSERT INTO `HPDBSpring`.`gui_text_in_language` (gui_text_translated_id, gui_text_id, language_id)
VALUES (11, 1, 2);
INSERT INTO `HPDBSpring`.`gui_text_in_language` (gui_text_translated_id, gui_text_id, language_id)
VALUES (12, 2, 2);
INSERT INTO `HPDBSpring`.`gui_text_in_language` (gui_text_translated_id, gui_text_id, language_id)
VALUES (13, 3, 2);
INSERT INTO `HPDBSpring`.`gui_text_in_language` (gui_text_translated_id, gui_text_id, language_id)
VALUES (14, 4, 2);
INSERT INTO `HPDBSpring`.`gui_text_in_language` (gui_text_translated_id, gui_text_id, language_id)
VALUES (15, 5, 2);
INSERT INTO `HPDBSpring`.`gui_text_in_language` (gui_text_translated_id, gui_text_id, language_id)
VALUES (16, 6, 2);
INSERT INTO `HPDBSpring`.`gui_text_in_language` (gui_text_translated_id, gui_text_id, language_id)
VALUES (17, 7, 2);
INSERT INTO `HPDBSpring`.`gui_text_in_language` (gui_text_translated_id, gui_text_id, language_id)
VALUES (18, 8, 2);
INSERT INTO `HPDBSpring`.`gui_text_in_language` (gui_text_translated_id, gui_text_id, language_id)
VALUES (19, 9, 2);
INSERT INTO `HPDBSpring`.`gui_text_in_language` (gui_text_translated_id, gui_text_id, language_id)
VALUES (20, 10, 2);
INSERT INTO `HPDBSpring`.`gui_text_in_language` (gui_text_translated_id, gui_text_id, language_id)
VALUES (22, 11, 2);

# -----------------------------------------FIELDS-----------------------------------------------
INSERT INTO `HPDBSpring`.`field` (id, name, field_type_id, label_id) VALUES (1, 'username', 1, 1);
INSERT INTO `HPDBSpring`.`field` (id, name, field_type_id, label_id) VALUES (2, 'email', 2, 2);
INSERT INTO `HPDBSpring`.`field` (id, name, field_type_id, label_id) VALUES (3, 'name', 1, 3);
INSERT INTO `HPDBSpring`.`field` (id, name, field_type_id, label_id) VALUES (4, 'last_name', 1, 4);
INSERT INTO `HPDBSpring`.`field` (id, name, field_type_id, label_id) VALUES (5, 'password', 3, 5);
INSERT INTO `HPDBSpring`.`field` (id, name, field_type_id, label_id) VALUES (6, 'birth_date', 5, 6);
INSERT INTO `HPDBSpring`.`field` (id, name, field_type_id, label_id) VALUES (7, 'access_token', 7, 7);
INSERT INTO `HPDBSpring`.`field` (id, name, field_type_id, label_id) VALUES (8, 'sex_id', 6, 8);
INSERT INTO `HPDBSpring`.`field` (id, name, field_type_id, label_id) VALUES (9, 'country_id', 6, 9);
INSERT INTO `HPDBSpring`.`field` (id, name, field_type_id, label_id) VALUES (10, 'language_id', 6, 10);